,Bream,Roach,Whitefish,Parkki,Perch,Pike,Smelt
Weight,621.0342592219048,155.49539431498334,534.3553460944445,157.12743341757573,385.46430275408926,721.8599363941175,14.434189229976193
Length1,33.306240409428575,23.992542443666665,32.79304982055555,22.06738578969697,29.162473944464285,46.0442727562745,14.42311918095238
Length2,36.63864104609524,25.703156048,34.970353118333335,24.16109728727273,31.02431333073214,48.2427029217647,15.041544259047617
Length3,41.38783637542857,28.126810328500003,36.995182264444445,25.846384825757575,32.855415934583334,52.27947727215686,15.985054362619048
Height,18.699551565333334,10.112787854033332,13.099231734999998,12.465449455757575,10.89786195510119,11.566544788156865,6.0296882063809525
Width,6.175619729380953,4.33815219825,6.1952999112222225,3.736229927818181,5.481619291833333,5.71965344964706,1.9403476919761904
